codigo,descripcion
AY0281,Alambre puas  cal 13x300m
AY0282,Alambre púas cal  16x400m
AY0283,Alambre púas cal  16x500m
DSA208,Tubo ppr          90mmx3m
DSA209,Tubo ppr         110mmx3m
DSA210,Tubo ppr         160mmx3m
DSA301,Tubo ppr          20mmx4m
DSA302,Tubo ppr          25mmx4m
DSA303,Tubo ppr          32mmx4m
DSA304,Tubo ppr          40mmx4m
DSA305,Tubo ppr          50mmx4m
DSA306,Tubo ppr          63mmx4m
DSB001,Anillo liso de      20 mm
DSB002,Anillo liso de      25 mm
DSB003,Anillo liso de      32 mm
DSB004,Anillo liso de      40 mm
DSB005,Anillo liso de      50 mm
DSB006,Anillo liso de      63 mm
DSB007,Anillo liso de      75 mm
DSB008,Anillo liso de      90 mm
DSB009,Anillo liso de     110 mm
DSB010,Anillo liso de     160 mm
DSB101,Anillo reduc.lisa 25x20mm
DSB102,Anillo reduc.lisa 32x20mm
DSB103,Anillo reduc.lisa 32x25mm
DSB104,Anillo reduc.lisa 40x20mm
DSB105,Anillo reduc.lisa 40x25mm
DSB106,Anillo reduc.lisa 40x32mm
DSB107,Anillo reduc.lisa 50x20mm
DSB108,Anillo reduc.lisa 50x25mm
DSB109,Anillo reduc.lisa 50x32mm
DSB110,Anillo reduc.lisa 50x40mm
DSB111,Anillo reduc.lisa 63x20mm
DSB112,Anillo reduc.lisa 63x25mm
DSB113,Anillo reduc.lisa 63x32mm
DSB114,Anillo reduc.lisa 63x40mm
DSB115,Anillo reduc.lisa 63x50mm
DSB116,Anillo reduc.lisa 75x32mm
DSB117,Anillo reduc.lisa 75x40mm
DSB118,Anillo reduc.lisa 75x50mm
DSB119,Anillo reduc.lisa 75x63mm
DSB120,Anillo reduc.lisa 90x40mm
DSB121,Anillo reduc.lisa 90x50mm
DSB122,Anillo reduc.lisa 90x63mm
DSB123,Anillo reduc.lisa 90x75mm
DSB124,Anillo reduc.lisa110x50mm
DSB125,Anillo reduc.lisa110x63mm
DSB126,Anillo reduc.lisa110x75mm
DSB127,Anillo reduc.lisa110x90mm
DSB128,Anillo redu.lisa160x100mm
DSB201,"Adap.c/rosca hem20mmx1/2"""
DSB202,"Adap.c/rosca hem20mmx3/4"""
DSB203,"Adap.c/rosca hem25mmx1/2"""
DSB204,"Adap.c/rosca hem25mmx3/4"""
DSB205,"Adap.c/rosca hem32mmx1/2"""
DSB206,"Adap.c/rosca hem32mmx3/4"""
DSB207,"Adap.c/rosca hem  32mmx1"""
DSB208,"Adap.c/roschem40mmx1 1/4"""
DSB209,"Adap.c/roschem50mmx1 1/2"""
DSB210,"Adap.c/rosca hem  63mmx2"""
DSB211,"Adap.c/roschem75mmx2 1/2"""
DSB212,"Adap.c/rosca hem  90mmx3"""
DSB213,"Adap.c/rosca hem 110mmx4"""
DSB301,"Adap.rosca macho20mmx1/2"""
DSB302,"Adap.c/roscmacho20mmx3/4"""
DSB303,"Adap.rosca macho25mmx1/2"""
DSB304,"Adap.c/roscmacho25mmx3/4"""
DSB305,"Adap.c/roscmacho32mmx1/2"""
DSB306,"Adap.c/roscmacho32mmx3/4"""
DSB307,"Adap.c/rosca macho32mmx1"""
DSB308,"Ad.rosca macho40mmx1 1/4"""
DSB309,"Ad.rosca macho50mmx1 1/2"""
DSB310,"Ad.rosca macho 63mm x  2"""
DSB311,"Ad.rosca macho75mmx2 1/2"""
DSB312,"Adap.c/rosca macho90mmx3"""
DSB313,"Adap.c/rosc macho110mmx4"""
DSB901,Reducc.int/extbush25x20mm
DSB902,Reducc.int/extbush32x20mm
DSB903,Reducc.int/extbush32x25mm
DSB904,Reducc.int/extbush40x20mm
DSB905,Reducc.int/extbush40x25mm
DSB906,Reducc.int/extbush40x32mm
DSB909,Reducc.int/extbush50x32mm
DSB910,Reducc.int/extbush50x40mm
DSB913,Reducc.int/extbush63x32mm
DSB914,Reducc.int/extbush63x40mm
DSB915,Reducc.int/extbush63x50mm
DSC001,Tee lisa de         20 mm
DSC002,Tee lisa de         25 mm
DSC003,Tee lisa de         32 mm
DSC004,Tee lisa de         40 mm
DSC005,Tee lisa de         50 mm
DSC006,Tee lisa de         63 mm
DSC007,Tee lisa de         75 mm
DSC008,Tee lisa de         90 mm
DSC009,Tee lisa de        110 mm
DSC010,Tee lisa de        160 mm
DSC101,Tee reducida lisa 25x20mm
DSC102,Tee reducida lisa 32x20mm
DSC103,Tee reducida lisa 32x25mm
DSC104,Tee reducida lisa 40x20mm
DSC105,Tee reducida lisa 40x25mm
DSC106,Tee reducida lisa 40x32mm
DSC107,Tee reducida lisa 50x20mm
DSC108,Tee reducida lisa 50x25mm
DSC109,Tee reducida lisa 50x32mm
DSC110,Tee reducida lisa 50x40mm
DSC111,Tee reducida lisa 63x20mm
DSC112,Tee reducida lisa 63x25mm
DSC113,Tee reducida lisa 63x32mm
DSC114,Tee reducida lisa 63x40mm
DSC115,Tee reducida lisa 63x50mm
DSC116,Tee reducida lisa 75x32mm
DSC117,Tee reducida lisa 75x40mm
DSC118,Tee reducida lisa 75x50mm
DSC119,Tee reducida lisa 75x63mm
DSC120,Tee reducida lisa 90x40mm
DSC121,Tee reducida lisa 90x50mm
DSC122,Tee reducida lisa 90x63mm
DSC123,Tee reducida lisa 90x75mm
DSC124,Tee reducida lisa110x50mm
DSC125,Tee reducida lisa110x63mm
DSC126,Tee reducida lisa110x75mm
DSC127,Tee reducida lisa110x90mm
DSC128,Tee reduc.lisa  160x110mm
DSC201,"Tee c/rosca hem 20mmx1/2"""
DSC202,"Tee c/rosca hem 25mmx1/2"""
DSC203,"Tee c/rosca hem 25mmx3/4"""
DSC204,"Tee c/rosca hem 32mmx1/2"""
DSC205,"Tee c/rosca hem 32mmx3/4"""
DSC206,"Tee c/rosca hem   32mmx1"""
DSC207,"Tee c/roscahem40mmx1 1/4"""
DSC208,"Tee c/roscahem50mmx1 1/2"""
DSC209,"Tee c/rosca hem   63mmx2"""
DSC301,"Tee c/rosc macho20mmx1/2"""
DSC302,"Tee c/rosc macho25mmx1/2"""
DSC303,"Tee c/rosc macho25mmx3/4"""
DSC304,"Tee c/rosc macho32mmx1/2"""
DSC305,"Tee c/rosc macho32mmx3/4"""
DSC306,"Tee c/rosca macho 32mmx1"""
DSC307,"Tee c/roscmach40mmx1 1/4"""
DSC308,"Tee c/rosmacho50mmx1 1/2"""
DSC309,"Tee c/rosca macho 63mmx2"""
DSC401,"Filtro en ""Y"" de    20 mm"
DSC402,"Filtro en ""Y"" de    25 mm"
DSC403,"Filtro en ""Y"" de    32 mm"
DSC404,"Filtro en ""Y"" de    40 mm"
DSC501,"Conect.agua sani20mmx1/2"""
DSC502,"Conect.agua sani25mmx1/2"""
DSD001,Tapon liso de       20 mm
DSD002,Tapon liso de       25 mm
DSD003,Tapon liso de       32 mm
DSD004,Tapon liso de       40 mm
DSD005,Tapon liso de       50 mm
DSD006,Tapon liso de       63 mm
DSD007,Tapon liso de       75 mm
DSD008,Tapon liso de       90 mm
DSD009,Tapon liso de      110 mm
DSD010,Tapon liso de      160 mm
DSE001,Codo 90 grados liso 20 mm
DSE002,Codo 90 grados liso 25 mm
DSE003,Codo 90 grados liso 32 mm
DSE004,Codo 90 grados liso 40 mm
DSE005,Codo 90 grados liso 50 mm
DSE006,Codo 90 grados liso 63 mm
DSE007,Codo 90 grados liso 75 mm
DSE008,Codo 90 grados liso 90 mm
DSE009,Codo 90 grados liso 110mm
DSE010,Codo 90 grados liso 160mm
DSE101,Codo 45 grados liso 20 mm
DSE102,Codo 45 grados liso 25 mm
DSE103,Codo 45 grados liso 32 mm
DSE104,Codo 45 grados liso 40 mm
DSE105,Codo 45 grados liso 50 mm
DSE106,Codo 45 grados liso 63 mm
DSE107,Codo 45 grados liso 75 mm
DSE108,Codo 45 grados liso 90 mm
DSE109,Codo 45 grados liso 110mm
DSE110,Codo 45 grados liso 160mm
DSE201,"Codo 90gdc/rhem 20mmx1/2"""
DSE202,"Codo 90grdc/rhem25mmx1/2"""
DSE203,"Codo 90grdc/rhem25mmx3/4"""
DSE204,"Codo 90grdc/rhem32mmx1/2"""
DSE205,"Codo 90grdc/rhem32mmx3/4"""
DSE206,"Codo 90grdc/rcahem32mmx1"""
DSE207,"Codo 90grdcrhem40mmx11/4"""
DSE208,"Codo 90grdcrhem50mmx11/2"""
DSE209,"Codo 90grdc/rcahem63mmx2"""
DSE401,"Codo 90grdcrmach20mmx1/2"""
DSE402,"Codo 90grdcrmach25mmx1/2"""
DSE403,"Codo 90grdcrmach25mmx3/4"""
DSE405,"Codo 90grdcrmach32mmx3/4"""
DSE406,"Codo 90grdcrcamach32mmx1"""
DSE407,"Codo 90grcrmach40mmx11/4"""
DSE408,"Codo 90grcrmach50mmx11/2"""
DSE409,"Codo 90grdcrcamach63mmx2"""
DSE601,Codo 90 grad.lisa 25x20mm
DSE602,Codo 90 grad.lisa 32x20mm
DSE603,Codo 90 grad.lisa 32x25mm
DSE701,"Codo 90grd c/uni20mmx1/2"""
DSE702,"Codo 90grd.c/uni25mmx3/4"""
DSE703,"Codo 90grd.c/union32mmx1"""
DSE951,"Codo 90grdfijsup20mmx1/2"""
DSE993,"Codo 90grd.dbhem20mmx1/2"""
DSE994,"Codo 90grd.dbhem25mmx1/2"""
DSF001,Cruz lisa de        20 mm
DSF002,Cruz lisa de        25 mm
DSF003,Cruz lisa de        32 mm
DSG301,Abrazad.met.c/anclaj 20mm
DSG302,Abrazad.met.c/anclaj 25mm
DSG303,Abrazad.met.c/anclaj 32mm
DSG304,Abrazad.met.c/anclaj 40mm
DSG305,Abrazad.met.c/anclaj 50mm
DSG306,Abrazad.met.c/anclaj 63mm
DSG307,Abrazad.met.c/anclaj 75mm
DSG308,Abrazad.met.c/anclaj 90mm
DSG309,Abrazad.met.c/ancla 110mm
DSG911,Abrazadera plastica  20mm
DSG912,Abrazadera plastica  25mm
DSG913,Abrazadera plastica  32mm
DSG914,Abrazadera plastica 40 mm
DSG915,Abrazadera plastica 50 mm
DSG916,Abrazadera plastica 63 mm
DSH901,"Codo 90grd.driwa20mmx1/2"""
DSI001,"Unión c/rosc hem20mmx1/2"""
DSI002,"Unión c/rosc hem25mmx3/4"""
DSI003,"Unión c/rosca hemb32mmx1"""
DSI004,"Unión c/roshem40mmx1 1/4"""
DSI005,"Unión c/roshem50mmx1 1/2"""
DSI006,"Unión c/rosca hem 63mmx2"""
DSI101,Union lisa de       20 mm
DSI102,Union lisa de       25 mm
DSI103,Union lisa de       32 mm
DSI104,Union lisa de       40 mm
DSI105,Union lisa de       50 mm
DSI106,Union lisa de       63 mm
DSI201,"Unión c/rosmacho20mmx1/2"""
DSI202,"Unión c/rosmacho25mmx3/4"""
DSI203,"Unión c/rosc macho32mmx1"""
DSI204,"Uniónc/rosmach40mmx1 1/4"""
DSI205,"Uniónc/rosmach50mmx1 1/2"""
DSI206,"Unión c/rosc macho63mmx2"""
DSI301,"Anillo c/union  20mmx1/2"""
DSI302,"Anillo c/union  25mmx3/4"""
DSI303,"Anillo c/union    32mmx1"""
DSI401,Union lisa C/rca cob 20mm
DSI402,Union lisa c/rca cob 25mm
DSI403,Union lisa c/rca bro 32mm
DSI404,Union lisa c/rca cob 40mm
DSI405,Union lisa c/rca bro 50mm
DSI406,Union lisa c/rca cob 63mm
DSJ001,Sobrepaso largo de  20 mm
DSJ002,Sobrepaso largo de  25 mm
DSJ003,Sobrepaso largo de  32 mm
DSJ101,Sobrepaso corto de  20 mm
DSJ102,Sobrepaso corto de  25 mm
DSJ103,Sobrepaso corto de  32 mm
DSK111,Flange de           40 mm
DSK112,Flange de           50 mm
DSK113,Flange de           63 mm
DSK114,Flange de           75 mm
DSK115,Flange de           90 mm
DSK116,Flange de          110 mm
DSK117,Flange de          160 mm
DSL002,Tijera de      20 - 40 mm
DSL003,Tijera Grande de 20-63 mm
DSL004,Tijera Grande de 20-75 mm
DSL005,Tijera cortatubele20-40mm
DSL011,Polif.caj met.matr20-32mm
DSL012,Polif.caj met.matr20-63mm
DSL013,Pol.caj met.matr 75-110mm
DSL014,Dados de            20 mm
DSL015,Dados de            25 mm
DSL016,Dados de            32 mm
DSL017,Dados de            40 mm
DSL018,Dados de            50 mm
DSL019,Dados de            63 mm
DSL020,Dados de            75 mm
DSL021,Dados de            90 mm
DSL022,Dados de           110 mm
DSL034,Polif.s/caja c/mat160mm
DSL035,Polif.de mesa de 75-160mm
DSL1EC,Polif.caj/plast.c/20-32mm
DSL2EC,Polif.caj.plast.c/20-63mm
DSL201,Union lisa c/rosca bronce
DSR001,Llave p.esf.dbl.union20mm
DSR002,Llave p.esf.dbl.union25mm
DSR003,Llave p.esf.dbl.union32mm
DSR004,Llave p.esf.dbl.union40mm
DSR005,Llave p.esf.dbl.union50mm
DSR006,Llave p.esf.dbl.union63mm
DSR011,"Llave p.esf.hem 20mmx1/2"""
DSR012,"Llave p.esf.hem 25mmx3/4"""
DSR013,"Llave p.esf.hem   32mmx1"""
DSW101,Llave de paso esf.de 20mm
DSW102,Llave de paso esf.de 25mm
DSW103,Llave de paso esf.de 32mm
DSW104,Llave de paso esf.de 40mm
DSW105,Llave de paso esf.de 50mm
DSW106,Llave de paso esf.de 63mm
DSW107,Llave de paso esf.de 75mm
DSW108,Llave de paso esf.de 90mm
DSW109,Llave de paso esf.de110mm
DSW126,Llave de paso oculta 20mm
DSW127,Llave de paso oculta 25mm
DSW128,Grupo ducha sencillo 20mm
DSW129,Grupo ducha sencillo 25mm
KO5119,L.HN.A-36   8X1200X6000mm
KO5122,L.HN.A36   10X1200X6000mm
KO5128,L.HN.A-36  12X1200X2400mm
KO5303,Lamina HN 3.0x1200x2400mm
KO5312,Lamina HN 4.0x1000x2400mm
KO5314,Lamina HN 4.0x1200x2400mm
MO5098,L.HN.A36 6.0x1200x2400mm
MO5102,L.HN.A36 6.0x1200x6000mm
MO5285,Lamina HN 2.5x1200x2400mm
MO5289,LAM.HN   2.65X1200X2400mm
MO5303,Lamina HN 3.0x1200x2400mm
MO5306,LAMINA HN 3.0X1100X2400mm
MO5314,Lamina HN 4.0x1200x2400mm
MO5319,Lamina HN 4.5x1200x2400mm
PG5303,LAMINA HN 3.0X1200X2400mm
TH0410,VARILLA EST 4.8mm X 6m
0P0115,PINTURAS EN GALON 1 GAL.
0P0120,PINTURAS EN CUÑETES
000002,ROLLOS 10MM A TRANSFORM.
000003,ROLLOS 6.5 MM TRANSF.
000004,CABILLA 2100 3/8 TRANSF.
000008,CAB. 1.400 3/8 TRANSF.
000050,ALAMBRON5.5COMER.P/DESICA
000060,BOMBA CENT.A2F 25-140
000061,BOMBA CENT.API 610
000099,ZFACTURA ANULADA
000100,OTROS PRODUCTOS
000101,LAMINA
000102,VIGA
000295,(M) ALAM.P/AMARRAR (50kg)
000296,(M) ALAM.P/AMARRAR (25kg)
000297,(IE) ALAM.P/AMARRAR(50kg)
000298,(IE) ALAM.P/AMARRAR(25kg)
000299,ALAMBRE P/AMARRAR (1 kg)
000300,ALAM.GALV.N.18 ROLLO  1kg
000301,ALAM.GALV.N.18 ROLLO 50kg
000302,ALAM.GALV.N.18 ROLLO 25Kg
000306,ALAMBRON ESTR.  5.2mm X6m
000307,ALAMBRON ESTR. 6.0mm X 6m
000308,ALAMBRON ESTR.  6.5mm X6m
000310,ALAMBRON ESTR.  7.5mm x 6
000408,ALAMBRON ESTR.  4.1mm x6m
000410,VARILLA EST. 4.8mm  X  6m
000448,VARILLA EST. 8.00 mm x 6m
000449,VARILLA EST (8.50mm) x 6m
000450,VARILLA EST.N.3.(9mm) X6m
000451,VARILLA EST N4(10.5mm)x6m
000452,VARILLA EST (10.0 mm) x6m
000453,VARILLA EST(9.50 mm) x 6m
000455,VARILLA EST.N.2.CBC.   6m
000458,CABILLA  3/8  X  6      m
000459,CABILLA  1/2   X   6    m
000499,.........................
000500,ALAMBRON COMERCIAL  5.5MM
000501,ALAMBRON SAE 1008   5.5mm
000502,ALAMBRON SAE 1010   5.5mm
000503,ALAMBRON SAE 1006   5.5mm
000505,ALAMB.SAE1010 RESTR.5.5MM
000510,ALAMBRON SAE 1018 DN5.5MM
000513,ALAMBRON SAE 1023   5.5mm
000515,ALAMBRON SAE 1006   6.0mm
000516,ALAMBRON SAE 1010   6.0mm
000520,ALAMBRON SAE 1015   6.0mm
000526,ALAMBRON SAE 1008   6.5MM
000528,ALAMBRON SAE 1010   6.5MM
000530,ALAMBRON SAE 1015   6.5MM
000532,ALAMBRON SAE 1010   7.0mm
000535,ALAMBRON COMERCIAL  8.0MM
000537,ALAMBRON SAE 1010   8.0mm
000540,ALAMBRON COMERCIAL  8.5MM
000542,ALAMBRON SAE 1010   8.5MM
000550,ALAMBRON COMERCIAL  9.0MM
000553,ALAMBRON SAE 1008   9.0MM
000555,ALAMBRON SAE 1010   9.0mm
000557,ALAMBRON SAE 1010   9.5MM
000560,ALAMBRON COMERCIAL 10.0MM
000565,ALAMBRON SAE 1010  10.0mm
000570,ALAMBRON SAE 1008  10.0MM
000577,ALAMBRON COMERCIAL 11.0MM
000578,ALAMBRON SAE 1010  11.0mm
000579,ALAMBRON SAE 1010  11.5MM
000580,ALAMBRON COMERCIAL 11.5MM
000585,ALAMBRON COMERCIAL 12.0MM
000587,ALAMBRON SAE 1010  12.0MM
000590,ALAMBRON SAE 1008  12.0MM
000591,ALAMBRON SAE 1018  12.0MM
000700,-------------------------
000701,CLAVOS PUNTA PARIS/MADERA
000702,EN    CAJAS    DE    25KG
000710,"CLAVOS 1 1/2""  X   CAL.14"
000715,"CLAVOS 2""      X   CAL.12"
000720,CLAVOS 2 1/2   X   CAL.12
000728,"CLAVOS 2""      X   CAL.10"
000730,"CLAVOS 2 1/2""  X   CAL.10"
000740,"CLAVOS 3""      X   CAL.10"
000750,"CLAVOS 3""      X   CAL. 9"
000760,"CLAVOS 3 1/2""  X   CAL. 9"
000770,"CLAVOS 4""      X   CAL. 8"
000800,-------------------------
000801,CLAVOS PUNTA PARIS POR KG
000830,CLAVOS PUNTA PARIS POR KG
000870,CLAVOS PUNTA PARIS POR KG
001220,VARILLA LISA END.    4X6m
001222,VARILLA LISA END.  4.5X6m
001224,VARILLA LISA END.  4.7X6m
001225,VARILLA LISA END.  4.8X6m
001230,VARILLA LISA END.    5X6m
001235,VARILLA LISA END.  5.2X6m
001240,VARILLA LISA END.  5.5X6m
001245,VARILLA LISA END.    6X6m
001248,VARILLA LISA END.    7X6m
001250,VARILLA LISA END.    8X6m
001255,VARILLA LISA END.    9X6m
001260,VARILLA LISA END.  9.5X6m
001265,VARILLA LISA END.   10X6m
001270,VARILLA LISA END.   11X6m
001275,VARILLA LISA END.   12X6m
001303,BARR. HERR. R   5.50mmX6m
001307,BARR. HERR. R     11mmX6m
001308,BARR. HERR. R     10mmX6m
001309,BARR. HERR. R     12mmX6m
001310,BARR. HERR. R     16mmX6m
001311,BARR. HERR. R     20mmX6m
001312,BARR. HERR. R     25mmX6m
001405,BARR. HERR. C     9mmX 6m
001407,BARR. HERR. C     12mmX6m
001408,BARR. HERR. C     16mmX6m
001409,BARR. HERR. C     20mmX6m
001410,BARR. HERR. C     25mmX6m
001425,BARR. HERR. C     25mmX6m
001430,BARRA ACANALADA
001500,-------------------------
001550,TUBO CUAD.1/2 X 1/2 E.0.9
001560,TUBO CUAD.3/4 X 3/4 E.O.9
001580,TUBO CUAD.  1 X 1   E.0.9
001582,TUBO CUAD. 1X1 ESP. 1.10
001615,TUBO CUAD.  2 X 2   E.1.1
001626,TUBO RECT 1 1/2 X 1 E.1.1
001710,TUBO RECT.  2 X 1   E.0.9
001713,TUBO 2X1 E..90 X 5.60 mts
001715,TUBO RECT.  2 X 1   E.1.1
001720,TUBO RECT 2 1/2 X 1 E.1.1
001722,TUBO RECT.2 1/2X1 1/2 E11
001724,Tubo Rec.2 1/2X1 1/2 E1.4
001735,TUBO RECT.  3 X 1   E.1.1
001738,"TUBO RECT 3""X1 1/2"" E.1.1"
001740,"TUBO RECT. 3X1 1/2"" E.1.4"
001741,Tubo Rect.  3 X 2    E1.4
001742,"TUBO RECT. 4"" X 2""  E.1.4"
001743,"Tubo Rect.4X1 1/2""E.2.0X6"
001783,"TUBO REDONDO 3"" E. 1.4"
002101,ANGULOS  25X 25X 3mmX  6m
002201,ANGULOS  30X 30X 3mmX  6m
002305,ANGULOS  35X 35X 4mmX  6m
002310,ANGULOS  35X 35X 4MMX 12M
002315,ANGULOS  35X 35X 6mmX  6m
002405,ANGULOS  40X 40X 4mmX  6m
002410,ANGULOS  40X 40X 4MMX 12M
002415,ANGULOS  40X 40X 6mmX  6m
002420,ANGULOS  40X 40X 6MMX 12M
002490,ANGULOS  50X 50X 4mmX  6m
002491,ANGULOS 50X50X5 mm X   6m
002492,ANGULOS  50X 50X 6MMX  6M
002493,ANGULOS  50X 50X 7MM X 6M
002501,ANGULOS  50X 50X 4mmX 12m
002502,ANGULOS  50X 50X 5mmX 12m
002503,ANGULOS  50X 50X 7mmX 12m
002575,ANGULOS  65X 65X 5mmX  6m
002585,ANGULOS  65X 65X 6MMX  6M
002595,ANGULOS  65X 65X 5MMX  6M
002602,ANGULOS  65X 65X 5mmX 12m
002603,ANGULOS  65X 65X 6mmX 12m
002604,ANGULOS  65X 65X 7mmX 12m
002701,ANGULOS  75X 75X 7mmX 12m
002702,ANGULOS  75X 75X 8mmX 12m
002801,ANGULOS  90X 90X 7mmX 12m
002901,ANGULOS 100X100X 8mmX 12m
002902,ANGULOS 100X100X10mmX 12m
002903,ANGULOS 120X120X8mmX  12m
002904,ANGULOS 120X120X10mmX 12m
002906,ANGULOS 120X120X12mmX 12m
002908,ANGULOS 150X150X12mmX 12m
002915,ANGULOS 200X200X16MMX 12M
002916,ANG.A572 gr.50 120X8X12m
002917,ANG.A572 gr.50 120X10X12m
002918,ANG.A572 gr.50 120X12X12m
002919,ANG.A572 gr.50 200X16X12m
002920,ANG.A572 gr.50 200X20X12m
002921,ANG.A572 gr.50 150X10X12m
002922,ANG.A572 gr.50 150X12X12m
002923,Ang.A572 gr 50 150X15X12m
002942,ANGULOS  50X 50X 5MMX  6M
002950,ANGULOS  50X 50X 4mmX 10m
002960,ANGULOS  50X 50X 5mmX 10m
002970,ANGULOS  65X 65X 5mmX 10m
003001,SIGALDECK 0.70X734X4600mm
003002,SIGALDECK 0.70X734X5100mm
003003,SIGALDECK 0.70X734X5600mm
003004,SIGALDECK 0.70X734X6100mm
003005,SIGALDECK 0.70X900X   1cm
003006,SIGALDECK 0.70X900X4600mm
003007,SIGALDECK 0.70X900X5100mm
003008,SIGALDECK 0.70X900X5600mm
003009,SIGALDECK 0.70X900X6100mm
003010,SIGALDECK 0.90X734X   1cm
003011,SIGALDECK 0.90X734X4600mm
003012,SIGALDECK 0.90X734X5100mm
003013,SIGALDECK 0.90X734X5600mm
003014,SIGALDECK 0.90X734X6100mm
003015,SIGALDECK 0.90X900X   1cm
003016,SIGALDECK 0.90X900X4600mm
003017,SIGALDECK 0.90X900X5100mm
003018,SIGALDECK 0.90X900X5600mm
003019,SIGALDECK 0.90X900X6100mm
003020,SIGALDECK 0.70X734X6600mm
003021,SIGALDECK 0.70X734X7100mm
003022,SIGALDECK 0.70X734X7400mm
003023,SIGALDECK 0.70X734X8100mm
003200,SIGALDECK 1.20X734X6100MM
003201,SIGALDECK 0.70X900X2700MM
003202,SIGALDECK 0.70X900X2900MM
003203,SIGALDECK 0.70X900X3100MM
003204,SIGALDECK 0.70X900X3800MM
003205,SIGALDECK 0.70X900X4100mm
003207,SIGALDECK 0.70X900X6600mm
003208,SIGALDECK 0.90x900x4100mm
003209,SIGALDECK 0.90X900X6600MM
003214,SIGALDECK 1.20X900X6100mm
003296,CORPALOSA 0.70X915X3100mm
003297,CORPALOSA 0.70X915X3400mm
003298,CORPALOSA 0.70X915X3600mm
003300,CORPALOSA 0.70X915X4100mm
003302,CORPALOSA 0.70X915X4600mm
003303,CORPALOSA 0.70X915X4730mm
003304,CORPALOSA 0.70X915X5100mm
003305,CORPALOSA 0.70X915X4900mm
003306,CORPALOSA 0.70X915X5600mm
003307,CORPALOSA 0.70X915X5300mm
003308,CORPALOSA 0.70X915X6100mm
003310,CORPALOSA 0.70X915X6600mm
003315,CORPALOSA 0.90X915X4100mm
003317,CORPALOSA 0.90X915X5100mm
003319,CORPALOSA 0.90X915X6100mm
003501,SUPERFICIE DENTADA
003505,LOSACERO 0.45X787X    1CM
003510,LOSACERO 0.45X787X 4100MM
003515,LOSACERO 0.45X787X 4600MM
003520,LOSACERO 0.45X787X 5100MM
003525,LOSACERO 0.45X787X 5600MM
003530,LOSACERO 0.45X787X 6100MM
003535,LOSACERO 0.60X787X    1CM
003540,LOSACERO 0.60X787X 4100MM
003545,LOSACERO 0.60X787X 4600MM
003550,LOSACERO 0.60X787X 5100MM
003555,LOSACERO 0.60X787X 5600MM
003560,LOSACERO 0.60X787X 6100MM
003565,LOSACERO 0.70X787X    1CM
003570,LOSACERO  0.70X787X4100MM
003575,LOSACERO  0.70X787X4600MM
003580,LOSACERO  0.70X787X5100MM
003585,LOSACERO  0.70X787X5600MM
003590,LOSACERO  0.70X787X6100MM
003591,LOSACERO  0.70X787X6600MM
003592,LOSACERO  0.70X787X7100MM
003595,LOSACERO  0.90X787X   1CM
003600,LOSACERO  0.90X787X4100MM
003605,LOSACERO  0.90X787X4600MM
003610,LOSACERO  0.90X787X5100MM
003615,LOSACERO  0.90X787X5600MM
003620,LOSACERO  0.90X787X6100MM
003625,LOSACERO  1.20X787X   1CM
003630,LOSACERO  1.20X787X4100MM
003635,LOSACERO  1.20X787X4600MM
003640,LOSACERO  1.20X787X5100MM
003645,LOSACERO  1.20X787X5600MM
003650,LOSACERO  1.20X787X6100MM
003800,LAMINA CORRUGADA NORMAL G
003805,L.G.COR.NOR.0.20X800X1000
003810,L.G.COR.NOR.0.20X800X2440
003815,L.G.COR.NOR.0.20X810X3050
003816,L.G.COR.NOR.0.20X830X3050
003820,L.G.COR.NOR.0.20X810X3660
003821,L.G.COR.NOR.0.20X830X3660
003845,L.G.COR.NOR.0.27X800X1000
003850,L.G.COR.NOR.0.27X800X2440
003855,L.G.COR.NOR.0.27X800X3050
003860,L.G.COR.NOR.0.27X800X3660
003900,LAMINA CORRUGADA ACERAL G
003905,L.G.COR.ACE.0.27X865X1000
003910,L.G.COR.NOR.0.27X865X2440
003915,L.G.COR.ACE.0.27X865X3050
003920,L.G.COR.ACE.0.27X865X3660
003945,L.G.COR.ACE.0.35X865X1000
003950,L.G.COR.ACE.0.35X865X2440
003955,L.G.COR.ACE.0.35X865X3050
003960,L.G.COR.ACE.0.35X865X3660
003985,L.G.COR.ACE.0.45X865X1000
003990,L.G.COR.ACE.0.45X865X4100
003995,L.G.COR.ACE.0.45X865X4600
004005,L.G.COR.ACE.0.45X865X6100
004030,L.G.COR.ACE.0.60X865X1000
004035,L.G.COR.ACE.0.60X865X4100
004040,L.G.COR.ACE.0.60X865X4600
004045,L.G.COR.ACE.0.60X865X5100
004050,L.G.COR.ACE.0.60X865X6100
004400,LAM.GALVINIZADA LISA G-60
004412,L.G.LISA.0.45X1200X2440mm
004416,L.G.LISA.0.60X1200X2440mm
004420,L.G.LISA.0.70X1200X2440mm
004424,L.G.LISA.0.90X1200X2440mm
004426,L.G.LISA 1.20X1000X2000MM
004428,L.G.LISA.1.20X1200X2440mm
004429,L.G.LISA 1.50X1200X2440MM
004430,L.G.LISA 1.50X1200X2440mm
004432,L.G.LISA 1.90X1200X2440mm
004600,LF.A366 0.45 X1200X2400mm
004602,LF.A366 0.45 X1000X2000mm
004618,LF.A366 0.60 X1000X2000mm
004620,LF.A366 0.60 X1200X2400mm
004625,LF.A366 0.70 X1000X2000mm
004627,LF.A366 0.70 X1200X2400mm
004628,LF.A366 0.80 X1000X2000MM
004629,LF.A366 0.80 X1000X2000MM
004630,LF.A366 0.80 X1200X2400MM
004635,LF.A366 0.90 X1000X2000mm
004640,LF.A366 0.90 X1200X2400mm
004645,LF.A366 1.00 X1000X2000MM
004650,LF.A366 1.00 X1200X2400MM
004655,LF.A366 1.10 X1000X2000mm
004660,LF.A366 1.10 X1200X2400mm
004665,LF.A366 1.20 X1000X2000mm
004670,LF.A366 1.20 X1200X2400mm
004685,LAM.LF. 1.4  X1000X2000MM
004690,LF.A366 1.40 X1200X2400mm
004695,LF.A366 1.50 X1000X2000mm
004700,LF.A366 1.50 X1200X2400mm
004735,LF.A366 1.90 X1000X2000mm
004740,LF.A366 1.90 X1200X2400mm
004800,BOBINA A366 0.45 X 1200MM
004802,BOBINA A366 0.45 X 1000MM
004819,BOBINA A366 0.60 X 1000MM
004820,BOBINA A366 0.60 X 1200MM
004825,BOBINA A366 0.70 X 1000MM
004827,BOBINA A366 0.70 X 1200MM
004835,BOBINA A366 0.90 X 1000MM
004840,BOBINA A366 0.90 X 1200MM
004855,BOBINA A366 1.10 X 1000MM
004860,BOBINA A366 1.10 X 1200MM
004865,BOBINA A366 1.20 X 1000MM
004870,BOBINA A366 1.20 X 1200MM
004890,BOBINA A366 1.40 X 1200MM
004895,BOBINA A366 1.50 X 1000MM
004900,BOBINA A366 1.50 X 1200MM
004935,BOBINA A366 1.90 X 1000MM
004940,BOBINA A366 1.90 X 1200MM
005010,L.HN.A36 2.50X1200X2400mm
005011,L.HN.A36  2.5X1200X2400MM
005012,L.HN.A36 2.75X1200X2400mm
005015,L.HN.A36 2.75X1200X2400MM
005019,L.HN.A36    3X1000X2000mm
005023,L.HN.A36    3X1200X2400mm
005025,L.HN.A36    3X1200X3000mm
005027,L.HN.A36    3X1200X6000mm
005028,L.HN.A36 3.80X1200X2400mm
005029,L.HN. A-36 3X1200X10500MM
005030,L.HN.A36    4X1200X2400mm
005032,L.HN.A36    4X1200X6000mm
005035,LH.N.A36 4.50X1200X2400MM
005041,L.HN.A36    5X1200X2400mm
005045,L.HN.A36    5X1200X6000mm
005096,L.HN.A36    6X1000X2000mm
005098,L.HN.A36    6X1200X2400mm
005100,L.HN.A36    6X1200X3000mm
005101,L.HN.A36    6X1200X4000mm
005102,L.HN.A36    6X1200X6000mm
005104,L.HN.A36   6X1200X12000MM
005115,L.HN.A36    8X1200X2400mm
005119,L.HN.A36    8X1200X6000mm
005120,L.HN.A36   8X1200X12000mm
005121,L.HN.A36  10X1200X12000mm
005122,L.HN.A36   10X1200X6000mm
005123,L.HN.A36   10X1200X3000mm
005124,L.HN.A36   10X1000X2000mm
005125,L.HN.A36   10X1200X2400mm
005126,L.HN.A36   12X1000X2000mm
005127,L.HN.A36   12X1200X3000mm
005128,L.HN.A36   12X1200X2400mm
005129,L.HN.A36   12X1200X6000mm
005130,L.HN.A36   16X1200X2400mm
005131,L.HN.A36 12.7X1200X2400mm
005132,L.HN.A36  12X1200X12000mm
005133,L.HN.A36   16X1000X2000mm
005135,L.HN.A36   19X1000X2000mm
005136,L.HN.A36   19X1200X2400mm
005138,L.HN.A36   22X1200X2400mm
005140,L.HN.A36   25X1000X2000mm
005141,L.HN.A36   25X1200X2400mm
005143,LAMINA HN  28X1200X2400mm
005148,L.HN.A36   31X1000X2000mm
005149,L.HN.A36   31X1200X2400mm
005157,L.HN.A36   38X1000X2000mm
005160,L.HN.A36   38X1200X2400mm
005170,L.HN.A36   45X1000X2000MM
005180,L.HN.A36   50X1000X2000MM
005181,L.HN.A36   50X1200X2400mm
005185,L.HN.A36   55X1000X2000MM
005190,L.HN.A36   57X1200X2400MM
005200,L.HN.A36   75X1000X2000MM
005210,L.HN.A36   75X1200X2400MM
005230,L.HN.A36  100X1000X2000MM
005232,L.HN.A-36 100X1200X2400mm
005272,LAMINA HN 2.0X1000X2000mm
005273,LAMINA HN 2.0X1200X2400mm
005275,LAMINA HN 2.5X1000X2000mm
005285,LAMINA HN 2.5X1200X2400mm
005287,LAMINA HN 2.5X1230X2400mm
005295,LAMINA HN 2.8X1200X2400mm
005301,LAMINA HN 3.0X1000X2000mm
005302,L.SAEJ403 3.0X1000X2400MM
005303,LAMINA HN 3.0X1200X2400mm
005304,LAMINA HN 3.0X1000X2400mm
005305,LAMINA HN 3.0X1200X3130mm
005307,LAMINA HN 3.0X1200X6000mm
005308,LAMINA HN 3.0X1230X2400mm
005309,L.SAEJ403 3.0X1230X2400mm
005310,LAMINA HN 3.8X1200X2400mm
005314,LAMINA HN 4.0X1200X2400mm
005315,LAMINA HN 4.0X1200X6000mm
005316,LAMINA HN 4.0X1200X3000MM
005317,LAMINA HN 4.0X1230X2400mm
005318,LAMINA HN 5.0X1200X2400mm
005319,LAMINA HN 4.5X1200X2400mm
005320,LAMINA HN 5.0X1200X6000mm
005328,LAMINA HN 6.0X1200X2400mm
005343,LAMINA HN  10X1000X2000MM
005347,LAMINA HN  12X1000X2000MM
005350,LAMINA HN  13X1000X2000MM
005353,LAMINA HN  13X1200X2400MM
005356,LAMINA HN  16X1000X2000mm
005359,LAMINA HN  16X1200X2400mm
005360,LAMINA HN  31X1000X2000mm
005362,LAMINA HN  19X1000X2000mm
005365,LAMINA HN  19X1200X2400mm
005374,LAMINA HN  25X1000X2000mm
005377,LAMINA HN  25X1200X2400mm
005383,LAMINA HN  31X1000X2000mm
005387,LAMINA HN  31X1200X2400mm
005390,LAMINA HN  38X1000X2000mm
005393,LAMINA HN  38X1200X2400mm
005400,.........................
005404,LAM.EST. 2.80X1000X2400mm
005405,LAM.EST. 3.00X1200X2400mm
005406,LAM.EST. 3.00X1000X2400mm
005409,LAM.EST. 4.00X1000X2400MM
005410,LAM.EST. 4.00X1200X2400mm
005415,LAM.EST. 4.50X1200X2400mm
005430,LAM.EST. 6.00X1200X2400mm
005499,BOBINA A36      2X 1200MM
005500,BOBINA A36   2.50X 1200MM
005501,BOBINA A36   2.50X 1200MM
005503,BOBINA A36   2.75X 1200MM
005504,BOBINA A36      3X 1000MM
005505,BOBINA A36      3X 1200MM
005506,BOBINA A36      3X 1200MM
005509,BOBINA A36   3.80X 1200MM
005510,BOBINA A36      4X 1200MM
005511,BOBINA A-36 4.10 X 1200MM
005512,BOBINA A36      5X 1200MM
005514,BOBINA A36      6X 1000MM
005515,BOBINA A36      6X 1200mm
005517,BOBINA A36      6X 1200MM
005525,BOBINA A36      8X 1200mm
005550,BOBINA A36     10X 1000MM
005560,BOBINA A36     10X 1200mm
005570,BOBINA A36     12X 1000MM
005580,BOBINA A36     12X 1200mm
005583,BOBINA A-569 2.00X1000 MM
005584,BOBINA A-569 2.00X1200 MM
005585,BOBINA A569  2.50X 1000MM
005586,BOBINA A569 2.50X1230  mm
005587,BOBINA A-569 2.85X1200 MM
005588,BOBINA ESTR. 2.80X1000 mm
005589,BOBINA A569 3.00X1230  mm
005590,BOBINA ESTR  2.56X 1000MM
005591,BOBINA A569  2.50X 1200MM
005592,BOBINA ESTR     3X 1000MM
005593,BOBINA ESTR     6X 1200MM
005594,BOBINA A569  2.80X 1200MM
005595,BOBINA ESTR     3X 1200MM
005596,BOBINA A569  2.50X 1200MM
005597,BOBINA A569     3X 1000MM
005598,BOBINA A569     3X 1200MM
005599,BOBINA A569     3X 1200MM
005600,BOB.SAE J403 3.00X1230 mm
005601,BOBINA A569     4X 1200MM
005602,BOBINA A569     5X 1200MM
005603,BOBINA A569  6.00X 1200MM
005604,BOBINA A569 4.00X1230  mm
005605,BOBINA A569  4.10X 1200MM
005606,LAM. A36   6X2400X12000mm
005607,LAM. A36   6X2400X 6000mm
005608,LAM. A36   6X2400X 3480MM
005609,LAM. A36   6X2400X 4000MM
005610,LAM. A36   8X2000X 6000MM
005611,LAM. A36 6X2400X9100   MM
005612,LAM. A36   8X2000X 8000MM
005613,LAM.A36 6X2000X6000mm
005614,LAM. A36 6X2000X12000mm
005616,LAM. A36 8X2000X12000mm
005619,LAM.A-36 16MMX2000X6000MM
005620,LAM.A36 16MMX2000X12000MM
005621,LAM.A36 19X2000X12000MM
005622,LAM.A36 25mmX2000X12000mm
005623,LAM. A36   8X2400X 4000MM
005624,LAM. A36   8X2400X 6000mm
005625,LAM. A36   8X2400X12000mm
005635,LAM. A36   9X2400X12000mm
005645,LAM. A36  10X2400X 6000mm
005650,LAM. A36  10X2400X12000mm
005651,L.A36  12.70X1473X12192MM
005652,L.A36  12.70X1550X12192MM
005653,L.A36  15.88X2438X12192MM
005654,L.A36  31.75X2438X12192MM
005655,LAM. A36  12X2400X 4000MM
005657,LAM. A36  12X2400X12000mm
005658,LAM. A36  12X2400X 6000mm
005659,LAM. A36  13X2400X 6000mm
005660,LAM. A36  13X2400X12000mm
005661,LAM.A36 12.7X2400X12000mm
005662,LAM.A36 12.70X2400X6000mm
005665,LAM. A36  14X1000X 2650MM
005669,LAM. A36  16X2400X 6000mm
005670,LAM. A36  16X2400X12000mm
005671,LAM. A588 16X1800X12000MM
005672,LAM. A285 16X2400X12000MM
005679,LAM. A588 19X1780X12000MM
005680,LAM. A36  19X2400X12000mm
005681,LAM. A36  19X2400X 6000mm
005682,LAM. A36  22X2400X12000mm
005683,LAM. A36 22X2400X6000  mm
005685,LAM. A588 25X 900X 2050MM
005690,LAM. A36  25X2400X 6000mm
005694,ES EL 005690 TEMPORAL
005695,LAM. A36  25X2400X12000mm
005697,LAM. A-36 28X2400X12000mm
005700,LAM. A36  31X2400X 6000mm
005708,LAM.A-36 31X2000X12000 MM
005710,LAM. A36  31X2400X12000mm
005716,LAM. A36 38X2050X12000 mm
005718,LAM. A36  38X2100X12000mm
005720,LAM. A36  38X2400X 4000mm
005722,LAM. A36  38X2400X 6000mm
005725,LAM. A36  38X2400X12000mm
005730,LAM. A36  50X2400X 4000mm
005732,LAM. A36  50X2400X 6000mm
005735,LAM. A36  50X2400X12000mm
005750,LAM. A36  75X2400X 4000mm
005751,LAM. A36  75X2400X 6000mm
005755,LAM.A131   6X1200X 2400mm
005760,LAM.A131   8X1200X 2400mm
005765,LAM.A131  10X1200X 2400mm
005769,LAM.A131  12X1200X 2400mm
005770,LAM.ACERO NAVAL A-131 G.A
005778,LAM.A131   6X2400X 6000mm
005780,LAM.A131   6X2400X12000mm
005782,LAM.A131   8X2400X 6000mm
005784,LAM.A131   8X2400X12000mm
005786,LAM.A131  10X2400X 6000mm
005788,LAM.A131  10X2400X12000mm
005790,LAM.A131  12X2400X 6000mm
005792,LAM.A131  12X2400X12000mm
005793,A588 12.70X2438.40X12.192
005794,A588 15.88X2438.40X12.192
005795,A588 19.05X2438.40X6.096m
005796,A588 25.40X2438.40X12.192
005797,A588 31.75X2438.40X12.192
005798,A588 50.80X2438.40X12.192
005849,L.DC.A36 2.00X1200X2400mm
005850,L.DC.A36 2.25X1200X2400mm
005860,L.DC.A36 2.50X1000X2000MM
005865,L.DC.A36 2.50X1200X2400mm
005868,L.DC.A36 2.75X1200X2400mm
005870,L.DC.A36    3X1200X2400mm
005876,L.DC.A36    3X1200X2400MM
005878,L.DC.A36    3X1200X2400MM
005894,BOB.DEC. A569 2.00X1200MM
005895,BOB.DEC. A-36 2.25X1000MM
005900,BOB.DEC. A-36 2.25X1200MM
005901,BOB.DEC. A569 2.25X1200mm
005902,BOB.DEC. A-36 2.30X1000MM
005910,BOB.DEC. A-36 2.50X1200MM
005911,BOB.DEC. A569 2.50X1200mm
005915,BOB.DEC. A-36 2.75X1200MM
005920,BOB.DEC. A-36    3X1200MM
005921,BOB.DEC. A569    3X1200mm
005925,BOB.DEC. A-36    3X1200MM
005935,BOB.DEC. A-36    3X1200MM
005945,BOB.DEC. A-36    3X1200MM
005950,BOBINA A131      6X1200MM
005955,BOBINA A131      8X1200MM
005960,BOBINA A131     10X1200MM
005965,BOBINA A131     12X1200MM
006001,MALLA P/PISO 4X4 TIPO 198
006004,MALLA P/PISO 5 x 5 100 M2
006005,MALLA P/PISO 5 x 5 120M2
006100,MALLA EN ROLLO 150X150 mm
006101,MALLA P/PISO 6X4 TIPO 167
006102,MALLA P/PISO 6X6 TIPO 133
006200,MALLA P/PISO 6X6 1/2ROLLO
006220,MALLA POPULAR 6X6   100m2
006230,MALLA POPULAR 6X6    50m2
006400,PRACTIMALLA       6x6x3m2
006500,MALLA DYNAMIC
006550,MALLA ESPECIAL
006552,Malla Esp.100X4.5 L1 t-p1
006554,Malla Esp.100X4.5 L2 t-p1
006556,Malla Esp.100X5   L1 t-p2
006558,Malla Esp.100X5   L2 t-p2
006560,Malla Esp100X5X4.8 L1 t-i
006562,Malla Esp100X5X4.8 L2 t-i
006564,M.Esp.100X8.5X6.5  L1 t-f
006566,M.Esp.100X8.5X6.5 L2 t-f1
006568,M.Esp.100X8.5X6.5 L2 t-f2
006570,M.Esp.200X100X4X5  L1 t-s
006572,M.Esp.200X100x4X5 L2 t-s1
006574,M.Esp.200X100X4X5 L2 t-s2
006710,CERCHAS STD C-8      X 6m
006720,CERCHAS STD C-8      X12m
006730,CERCHAS STD C-10     X 6m
006740,CERCHAS STD C-10     X12m
006750,CERCHAS STD C-15     X 6m
006760,CERCHAS STD C-15     X12M
006770,CERCHAS STD C-20     X 6m
006780,CERCHAS STD C-20     X12M
007001,"PLETINAS   1/2""X1/8""  X6m"
007002,"PLETINAS   5/8""X1/8""  X6m"
007003,"PLETINAS   3/4""X1/8""  X6m"
007004,"PLETINAS     1""X1/8""  X6m"
007005,"PLETINAS  11/4""X1/8""  X6m"
007006,"PLETINAS 1 1/2""X1/8""  X6m"
007007,"PLETINAS     2""X1/8""  X6m"
007101,"PLETINAS   1/2""X3/16"" X6m"
007102,"PLETINAS   5/8""X3/16"" X6M"
007103,"PLETINAS   3/4""X3/16"" X6m"
007104,"PLETINAS     1""X3/16"" X6m"
007105,"PLETINAS  1 1/4X3/16"" X6m"
007106,"PLETINAS  1 1/2X3/16"" X6m"
007107,"PLETINAS     2""X3/16"" X6m"
007201,"PLETINAS   1/2""X1/4""  X6M"
007202,"PLETINAS   5/8""X1/4""  X6M"
007203,"PLETINAS   3/4""X1/4""  X6M"
007204,"PLETINAS     1""X1/4""  X6m"
007205,"PLETINAS  1 1/4X1/4""  X6m"
007206,"PLETINAS  1 1/2X1/4""  X6m"
007207,"PLETINAS     2""X1/4""  X6m"
007301,"PLETINAS     1""X3/8""  X6M"
007302,"PLETINAS  1 1/2X3/8""  X6m"
007303,"PLETINAS     2""X3/8""  X6m"
007401,"PLETINAS     1""X1/2""  X6M"
007402,"PLETINAS 1  1/2X1/2""  X6M"
007403,"PLETINAS     2""X1/2""  X6m"
007500,PLETINAS     65X 6mm  X6m
007501,PLETINAS     65X 9mm  X6m
007502,PLETINAS     65X12mm  X6m
007551,PLETINAS     75X 6mm  X6m
007552,PLETINAS     75X 9mm  X6m
007553,PLETINAS     75X12mm  X6m
007554,PLETINAS    100X 6mm  X6m
007555,PLETINAS    100X 9mm  X6m
007556,PLETINAS    100X12mm  X6m
007562,PLETINAS 150 X 6MM X 6MTS
007564,PLETINA 150X12 MM X 6 MTS
007600,"TUBO CONC.C-4 024""X2.50 m"
007601,"TUBO CONC.C-2 015""X1.22 m"
007602,"TUBO CONC.C-1  08""X1.22 m"
007603,"TUBO VENT.1 1/4""(2.30)X6M"
007604,"TUBO VENT.1 1/2""(2.30)X6M"
007605,"TUBO VENT.4""(2.90) X 6MTS"
007606,"TUBO VENTL. 3""(2.90)X6MTS"
007608,"TUBO VENTL. 2""(2.30)X6MTS"
008220,TN. ASTM-A53 1/2X2.77X6.4
008230,TN. ASTM-A53 3/4X2.87X6.4
008240,TN. ASTM-A53   1X3.38X6.4
008250,T.ASTM-A53 1 1/4X3.56X6.4
008260,T.ASTM-A53 1 1/2X3.68X6.4
008270,TN. ASTM-A53   2X3.91X6.4
008280,T.ASTM-A53 2 1/2X5.16X6.4
008290,TN. ASTM-A53   3X5.49X6.4
008300,TN. ASTM-A53   4X6.02X6.4
008310,TN. ASTM-A53   6X6.35X6.4
008320,TN. ASTM-A53   6X7.11X6.4
008330,TN. ASTM-A53   8X6.35X6.4
008340,TN. ASTM-A53   8X8.18X6.4
008350,TN. ASTM-A53  10X6.35X6.4
008360,TN. ASTM-A53  10X9.27X6.4
008370,TN. ASTM-A53  12X6.35X6.4
008380,TN. ASTM-A53  12X9.52X6.4
008410,"TG.ISOII AGUA   3/8""X6.4M"
008420,"TG.ISOII AGUA   1/2""X6.4M"
008430,"TG.ISOII AGUA   3/4""X6.4M"
008440,"TG.ISOII AGUA     1""X6.4M"
008450,"TG.ISOII AGUA 1 1/4""X6.4M"
008460,"TG.ISOII AGUA 1 1/2""X6.4M"
008470,"TG.ISOII AGUA     2""X6.4M"
008510,"TG.ISO I AGUA 2 1/2""X6.4M"
008520,"TG.ISO I AGUA     3""X6.4M"
008530,"TG.ISO I AGUA     4""X6.4M"
008600,"TG.ASTM A53 AG. 3/8""X6.4M"
008610,"TG.ASTM A53 AG. 1/2""X6.4M"
008620,"TG.ASTM A53 AG. 3/4""X6.4M"
008630,"TG.ASTM A53 AG.   1""X6.4M"
008640,"TG.ASTM A53 AG.1 1/4""X6.4"
008650,"TG.ASTM A53 AG.1 1/2""X6.4"
008660,"TG.ASTM A53 AG.   2""X6.4M"
008670,"TG.ASTM A53 AG.2 1/2""X6.4"
008680,"TG.ASTM A53 AG.   3""X6.4M"
008690,"TG.ASTM A53 AG.   4""X6.4M"
008700,"TG.ASTM A53 AG.   6""X6.4M"
008810,VIGAS IPN SG.DIN    17100
008815,-------------------------
008820,VIGAS IPN AE25  60mm X12m
008821,VIGAS IPN AE25  60MM X 6M
009001,VIGAS IPN AE25  80MM X 6M
009003,VIGAS IPN AE25  80mm X12m
009004,VIGAS IPN AE25 100mm X 6m
009005,VIGAS IPN AE25 100mm X12m
009007,V.IPN DIN17100  120MMX 6M
009008,V.IPN DIN17100  120mmX12m
009009,V.IPN DIN17100  140mmX 6m
009010,V.IPN DIN17100  140mmX12m
009012,V.IPN DIN17100  160mmX12m
009014,V.IPN DIN17100  180mmX12m
009015,V.IPN DIN1700 200 MM X 6M
009016,V.IPN DIN17100  200mmX12m
009018,V.IPN DIN17100  240mmX12m
009021,V.IPN DIN17100  300mmX12m
009030,V.IPN DIN17100  300mmX12m
009031,VIGA IPN        360mmX12m
009032,V.IPN DIN17100  400mmX12m
009033,V.IPN DIN17100 450mmX12m
009034,V.IPN DIN17100 500MMX12MT
009035,wf 21X8.25  X 62 X 12 mts
009050,VIGA IPN AE25    80MMX10M
009055,VIGA IPN AE25   100MMX10M
009060,V.IPN DIN17100  120MMX10M
009065,VIGA IPN AE25   140MMX10M
009078,VIGA UPE 100MM X 12M
009080,VIGA UPEL       120mmX12m
009083,VIGA UPEL       140mmX12m
009085,VIGA UPEL 160 MM X 6  MTS
009086,VIGA UPEL       160mmX12m
009089,VIGA UPEL       180mmX12m
009091,VIGA UPEL 200 MM X 6  MTS
009092,VIGA UPEL       200mmX12m
009093,Viga upe  140 mm X 12 mts
009094,VIGA UPE      160mm X 12m
009095,VIGA UPE      180mm X 12m
009096,VIGA UPE      200mm x 12m
009098,VIGA UPL LIVIANA DIN17100
009099,VIGA UPL AE25    80mmX 6m
009100,VIGA UPL AE25    80MMX10M
009101,VIGA UPL AE25    80mmX12m
009102,VIGA UPL AE25   100mmX 9m
009103,VIGA UPL AE25   100mmX12m
009104,VIGA UPL AE25   120mmX 6m
009105,VIGA UPL AE25   120mmX12m
009106,UPL DIN 17100   140MMX12M
009107,UPL DIN 17100   160MMX12M
009108,UPL DIN 17100   180MMX12M
009109,UPL DIN 17100   200MMX12M
009110,VIGA UPL AE25   100mmX 6m
009111,UPL DIN 17100   240MMX12M
009114,UPL DIN 17100   300MMX12M
009116,V. UPAM  LIVIANA ASTM-A36
009119,V. UPAM  LIVIANA ASTM-A36
009122,VIGA UPAMA36 127X44mmX12m
009124,VIGA UPAMA36 152X49mmX12m
009126,VIGA UPAMA36 178X53mmX12m
009128,VIGA UPAMA36 203X57mmX12m
009130,VIGA UPAMA36 254X66mmX12m
009132,VIGA UPAMA36 305X75mmX12m
009134,VIGA UPAMA36 305X75mmX12m
009199,"VIGA UPN""PESADA""DIN 17100"
009200,-------------------------
009201,"UPN ""PESADA""     80MMX12M"
009203,"UPN ""PESADA""    100mmX12m"
009205,"UPN ""PESADA""    120mmX12m"
009207,"UPN ""PESADA""    140mmX12m"
009209,"UPN ""PESADA""    160mmX12m"
009211,"UPN ""PESADA""    180mmX12m"
009213,"UPN ""PESADA""    200mmX12m"
009214,"UPN ""PESADA""     220mmx12"
009217,"UPN ""PESADA""    240mmX12m"
009223,"UPN ""PESADA""    300mmX12m"
009250,TUBO RED.      3X2.25X12m
009253,TUBO RED.  3 1/2X2.25X12m
009256,TUBO RED.  4 1/2X2.50X12m
009258,TUBO RED.  6 X 4.00 X 6 m
009259,TUBO RED.     5X3 X 12  m
009260,"TUBO RED. 5 1/2""X3.40X12m"
009261,TUBO RED.  6 X 4.00 X 12m
009262,TUBO RED.  6 5/8X4.30X12m
009263,TUBO RED.  6 5/8X4.30X6 m
009265,TUBO RED.  7 5/8X4.50X12m
009268,TUBO RED.  8 5/8X5.50X12m
009271,TUBO RED.  9 5/8X5.50X12m
009274,TUBO RED.  9 5/8X   7X12m
009277,TUBO RED. 10 3/4X   7X12m
009280,TUBO RED. 10 3/4X   9X12m
009283,TUBO RED. 12 3/4X   9X12m
009286,TUBO RED. 12 3/4X  11X12m
009350,"UPN ""PESADA""    300MMX12M"
009390,"UPN ""PESADA""    300MMX12M"
009393,"UPN ""PESADA""    300MMX12M"
009394,-------------------------
009395,TUBO    60X 60X2.25mmX 6m
009396,TUBO    50X 50X2.50mmX 6m
009397,TUBO    40X 40X2.50mmX 6m
009400,TUBO    60X 60X2.25mmX12m
009405,TUBO    70X 70X2.25mmX 6m
009410,TUBO    70X 70X2.25mmX12m
009415,TUBO    90X 90X2.50mmX 6m
009420,TUBO    90X 90X2.50mmX12m
009425,TUBO   100X100X   3mmX 6m
009430,TUBO   100X100X   3mmX12m
009440,TUBO   110X110X3.40mmX12m
009450,TUBO   120X120X   4mmX12m
009455,TUBO   135X135X4.30mmX 6m
009460,TUBO   135X135X4.30mmX12m
009468,TUBO 155x155x4.50mmx6.00m
009470,TUBO   155X155X4.50mmX12m
009478,TUBO 175X175 X 5.50mmX6m
009480,TUBO   175X175X5.50mmX12m
009482,TUBO   200X200X5.50mmX12m
009484,TUBO   200X200X   7mmX12m
009486,TUBO   200X200X   9mmX12m
009487,TUBO  200X200X10.50mmX12m
009488,TUBO 220X220       7mmX6m
009490,TUBO   220X220X   7mmX12m
009492,TUBO   220X220X   9mmX12m
009494,TUBO   260X260X   9mmX12m
009496,TUBO 260X260X   11mmx12m
009497,PERF.ESTRC.RECT.ASTM A500
009498,.........................
009499,TUBO    80X 40X2.25mmX 6m
009500,TUBO    80X 40X2.25mmX12m
009505,TUBO   100X 40X2.25mmX 6m
009510,TUBO   100X 40X2.25mmX12m
009515,TUBO   120X 60X2.50mmX 6m
009520,TUBO   120X 60X2.50mmX12m
009525,TUBO   140X 60X   3mmX 6m
009530,TUBO   140X 60X   3mmX12m
009538,TUBO    160X65X3.40mmX6 m
009540,TUBO   160X65X3.40mmX12 m
009542,TUBO    180X65X4.00mmX6 m
009550,TUBO    180X65X4.00mmX12m
009560,TUBO    200X70X4.30mmX12m
009570,TUBO    220X90X4.50mmX12m
009578,TUBO    260X90X5.50mmX6 m
009580,TUBO    260X90X5.50mmX12m
009582,TUBO   300X100X5.50mmX12m
009584,TUBO   300X100X   7mmX12m
009590,TUBO   320X120X   7mmX12m
009592,TUBO   320X120X   9mmX12m
009595,TUBO 350 X 170 X 9MM X6M
009596,TUBO   350X170X   9mmX12m
009597,TUBO 350X170x11mm X 6   m
009598,TUBO 350X170X11 mm X 12 m
009600,"SIMILARES A ""INP"" O ""IPN"""
009601,VIGA VP 100mm  (5.35)X12m
009602,VIGA VP 120mm  (9.7) X12m
009603,VIGA VP 120mm  (9.7) X12m
009604,VIGA VP 120mm  (9.7) X12m
009605,VIGA VP 140mm (12.4) X12m
009607,VIGA VP 160mm (16.4) X12m
009609,VIGA VP 175MM (14.7) X12M
009612,VIGA VP 180mm (17.7) X12m
009615,VIGA VP 200mm (24.1) X12m
009619,VIGA VP 220mm(25.057)X12m
009621,VIGA VP 250mm (29.4) X12m
009624,VIGA VP 300MM (31.2) X12M
009627,VIGA VP 300MM (34.7) X12M
009628,VIGA VP 300mm (41.3) X12m
009630,VIGA VP 350mm (36.5) X12m
009631,VIGA VP 350mm (48.3) X12m
009633,VIGA VP 400MM (41.8) X12M
009636,VIGA VP 400MM (42.7) X12M
009639,VIGA VP 400MM (42.7) X12M
009640,VIGA VP 400mm (55.4) X12m
009642,VIGA VP 400MM (55.4) X12M
009645,VIGA VP 420MM (56.7) X12M
009646,VIGA VP 420mm (65.7) X12m
009648,-------------------------
009649,"VIGAS SOLDADAS TIPO  ""CP"""
009650,"SIMILARES A ""HEA"" O ""HEB"""
009651,VIGA CP  80mm (3.98) X12m
009652,"VIGAS SOLDADAS TIPO ""CP"""
009653,VIGA CP 140mm (25.5) X12m
009656,VIGA CP 160mm (29.3) X12m
009659,VIGA CP 175MM (30.3) X12M
009660,VIGA CP 180mm (33.1) X12m
009662,VIGA CP 200MM (34.7) X12M
009663,VIGA CP 200MM (34.7) X12M
009664,VIGA CP 200MM (46.0) X12M
009665,VIGA CP 200mm (50.1) X12m
009666,VIGA CP 220MM (50.7) X12M
009667,VIGA CP 220mm (55.3) X12m
009668,VIGA CP 240mm (60.4) X12m
009670,VIGA CP 300mm (76.0) X12m
009671,VIGA CP 260mm (65.7) X12m
009672,PERFIL C100 X 3.62X9.00 m
009673,PERFIL C150 X 5.47X9.00MT
009674,PERFIL C150 X 7.54X9.00MT
009675,PERFIL C200 X 6.32X9.00MT
009676,PERFIL C200 X 8.72X9.00MT
009677,PERFIL C200 X 12.8X9.00MT
009678,PERFIL C250 X 7.67X9.00MT
009679,PERFIL C250 X 10.6X9.00MT
009680,PERFIL C250 X 15.7X9.00MT
009681,PERFIL C300 X 11.8X9.00MT
009682,PERFIL C300 X 17.4X9.00MT
009683,PERFIL C350 X 13.0X9.00MT
009684,PERFIL C350 X 19.2X9.00MT
009685,PERFIL Z150 X 5.57X6.60MT
009686,PERFIL Z200 X 6.41X9.60MT
009687,PERFIL Z200 X 8.88X9.60MT
009688,PERFIL Z200 X 13.2X9.60MT
009689,PERFIL Z250 X 7.76X9.90MT
009690,PERFIL Z250 X 10.8X9.90MT
009691,PERFIL Z250 X 16.0X9.90MT
009692,PERFIL CSL200X5.62X9.00MT
009693,PERFIL CSL250X6.97X9.00MT
009694,PERFIL CSL300X9.31X9.10MT
009695,PERFIL CSL300X13.7X9.10MT
009696,PERFIL CSL350X10.5X9.10MT
009697,FERFIL CSL350X15.5X9.10MT
009700,VIGAS IPE RST        37.2
009701,.........................
009704,VIGA IPE         80mmX12m
009706,VIGA IPE        100mmX12m
009708,VIGA IPE        120mmX12m
009710,VIGA IPE        140mmX12m
009712,VIGA IPE        160mmX12m
009714,VIGA IPE        180mmX12m
009715,VIGA IPE   200mm x 11.00m
009716,VIGA IPE        200mmX12m
009718,VIGA IPE        220mmX12m
009720,VIGA IPE        240mmX12m
009722,VIGA IPE        270mmX12m
009724,VIGA IPE        300mmX12m
009726,VIGA IPE        330mmX12m
009728,VIGA IPE        360mmX12m
009730,VIGA IPE        400mmX12m
009732,VIGA IPE        450mmX12m
009734,VIGA IPE        500mmX12m
009735,VIGA IPE        550mmX12m
009736,VIGA IPE        600mmX12m
009740,VIGA HEA O IPBL RTS  37.2
009741,VIGA HEM     550mmX12.10m
009742,"VIGA WF  10""X10""X 49LX12m"
009745,"VIGA WF  14""X16""X145LX12M"
009746,"VIGA WF 30""X10.5""X116X12M"
009747,VIGA HEA        100mmX12m
009748,VIGA HEA        120mmX12m
009749,VIGA HEA        140mmX12m
009750,VIGA HEA        160mmX12m
009751,VIGA HEA   140mm x 10.70m
009752,VIGA HEA        180mmX12m
009754,VIGA HEA        200mmX12m
009756,VIGA HEA        220mmX12m
009757,VIGA HEA   240mm x 11.20m
009758,VIGA HEA        240mmX12m
009759,VIGA HEA   240mm x 12.90m
009760,VIGA HEA        260mmX12m
009762,VIGA HEA        280mmX12m
009763,VIGA HEA 320mm X 11.60mm
009764,VIGA HEA        300mmX12m
009765,VIGA HEA        320mmX12m
009766,VIGA HEA        340mmX12m
009768,VIGA HEA        360mmX12m
009772,VIGA HEA        400mmX12m
009774,VIGA HEA        450mmX12m
009776,VIGA HEA        500mmX12m
009778,VIGA HEA        550mmX12m
009779,VIGA HEA        600mmX12m
009780,VIGA HEA        650mmX12m
009782,VIGA HEA        700mmX12m
009783,VIGA HEA        800mmX12m
009784,VIGA HEB        160mmX12m
009785,VIGA HEA     1000mm X 12m
009786,VIGA HEB        180mmX12m
009787,VIGA HEA        900mmX12m
009788,VIGA HEB        260mmX12m
009800,VIGA PERVIVENCA
009801,VIGA HEB      1000m X 12m
009802,VIGA HEB        200mmX12m
009803,VIGA HEB        240mmX12m
009804,VIGA HEB        300mmX12m
009805,VIGA HEB        340mmX12m
009806,VIGA HEB        360mmX12m
009807,VIGA HEB        400mmX12m
009808,VIGA HEB        450mmX12m
009809,VIGA HEB        500mmX12m
009810,VIGA HEB        550mmX12m
009811,VIGA HEB        600mmX12m
009812,VIGA HEB        650mmX12m
009813,VIGA HEB        700mmX12m
009814,VIGA HEB        800mmX12m
009815,VIGA VP 120mm (18.9) X12m
009816,VIGA VP 140mm (19.9) X12m
009817,VIGA VP 160mm (20.8) x12m
009821,VIGA VP 180mm (21.8) X12m
009825,VIGA U80X3.5MM(4.48K/M)6M
009826,VIGA VP 200mm (26.2) X12m
009831,VIGA VP 200mm (36.0) X12m
009835,VIGA U100X3.5MM(5.32K/M)6
009836,VIGA VP 240mm (32.8) X12m
009841,VIGA VP 240mm (37.8) X12m
009846,VIGA VP 250mm (38.9) X12m
009851,VIGA VP 250mm (44.2) X12m
009856,VIGA VP 300mm (47.8) X12m
009861,VIGA VP 350mm (56.0) X12m
009866,VIGA VP 400mm (64.2) X12m
009871,VIGA CP 160mm (39.8) X12m
009876,VIGA CP 180mm (44.9) X12m
009881,VIGA CP 200MM (50.1) X12M
009900,wf 16X7.00  X 40 X 12 mts
009901,wf 16X7.00  X 50 X 12 mts
009902,wf 18X6.00  X 46 X 12 mts
009903,wf 18X7.50  X 50 X 12 mts
009904,wf 18X7.50  X 71 X  9 mts
009906,wf 21X8.25  X 73 X  9 mts
009907,wf 21X8.25  X 83 X 12 mts
009908,wf 24X 9.00 X 84 X  9 mts
009909,wf 24X 9.00 X 94 X 12 mts
009910,wf 24X12.75 X 104 X 9 mts
009911,wf 24X12.75 X 117 X 9 mts
009912,wf 24X12.75 X 162 X 9 mts
009913,wf 24X12.75 X 176 X 9 mts
009914,wf 24X12.75 X 279 X 9 mts
034870,BOBINA A366  1.20X1200 MM
700001,"REJ.   1""X1/8""X910MMX6.1M"
700002,"REJ.  1""X3/16""X910MMX6.1M"
700003,"REJ1 1/4""X1/8""X910MMX6.1M"
700004,"1 1/4""X3/16""X910MMX6.1M"
700005,"1 3/8""X3/16""X910MMX6100MM"
700006,"1  1/2""X1/8""X910MMX6100MM"
700007,"1 1/2""X3/16""X910MMX6100MM"
700008,"REJ.  2""X3/16""X910MMX6.1M"
700009,"2 1/4""X3/16""X910MMX6100MM"
700010,"2 1/2""X3/16""X910MMX6100MM"
700011,"2 3/4""X3/16""X910MMX6100MM"
700012,"REJ.3/4""X3/16""X910MMX6.1M"
700013,"REJ. 1""X1/8""X910MMX6100MM"
700014,"REJ.1""X3/16""X910MMX6100MM"
700015,"REJ1 1/4""X1/8""X910MMX6.1M"
700016,"1 1/4""X3/16""X910MMX6100MM"
700017,"1 3/8""X3/16""X910MMX6100MM"
700018,"1  1/2""X1/8""X910MMX6100MM"
700019,"1 1/2""X3/16""X910MMX6100MM"
700020,"REJ.2""X3/16""X910MMX6100MM"
700021,"2 1/4""X3/16""X910MMX6100MM"
700022,"2 1/2""X3/16""X910MMX6100MM"
700023,"2 3/4""X3/16""X910MMX6.1M"
700024,"REJ.3/4""X3/16""X910MMX6.1M"
700025,"REJ.   1""X1/8""X910MMX6.1M"
700026,"REJ.  1""X3/16""X910MMX6.1M"
700027,"1 1/4""X 1/8""X910MMX6100MM"
700028,"1 1/4""X3/16""X910MMX6100MM"
700029,"1 3/8""X3/16""X910MMX6100MM"
700030,"1 1/2""X 1/8""X910MMX6100MM"
700031,"1 1/2""X3/16""X910MMX6100MM"
700032,"REJ.  2""X3/16""X910MMX6.1M"
700033,"2 1/4""X3/16""X910MMX6100MM"
700034,"2 1/2""X3/16""X910MMX6100MM"
700035,"2 3/4""X3/16""X910MMX6100MM"
700036,"REJ.3/4""X3/16""X910MMX6.1M"
700037,"REJ.   1""X1/8""X910MMX6.1M"
700038,"REJ.  1""X3/16""X910MMX6.1M"
700039,"REJ1 1/4""X1/8""X910MMX6.1M"
700040,"1 1/4""X3/16""X910MMX6100MM"
700041,"1 3/8""X3/16""X910MMX6100MM"
700042,"REJ1 1/2""X1/8""X910MMX6.1M"
700043,"1 1/2""X3/16""X910MMX6100MM"
700044,"REJ.  2""X3/16""X910MMX6.1M"
700045,"2 1/4""X3/16""X910MMX6100MM"
700046,"2 1/2""X3/16""X910MMX6100MM"
700047,"2X3/4""X3/16""X910MMX6100MM"
700048,"REJ.3/4""X3/16""X910MMX6.1M"
700049,"REJ.   1""X1/8""X910MMX6.1M"
700050,"REJ.  1""X3/16""X910MMX6.1M"
700051,"REJ1 1/4""X1/8""X910MMX6.1M"
700052,"1 1/4""X3/16""X910MMX6100MM"
700053,"1 3/8""X3/16""X910MMX6100MM"
700054,"REJ1 1/2""X1/8""X910MMX6.1M"
700055,"1 1/2""X3/16""X910MMX6100MM"
700056,"REJ.  2""X3/16""X910MMX6.1M"
700057,"2 1/4""X3/16""X910MMX6100MM"
700058,"2 1/2""X3/16""X910MMX6100MM"
700059,"2 3/4""X3/16""X910MMX6100MM"
700060,"REJ.3/4""X3/16""X910MMX6.1M"
700061,"REJ. 1""X1/8""X910MMX6100MM"
700062,"REJ.  1""X3/16""X910MMX6.1M"
700063,"REJ1 1/4""X1/8""X910MMX6.1M"
700064,"1 1/4""X3/16""X910MMX6100MM"
700065,"1 3/8""X3/16""X910MMX6100MM"
700066,"REJ1 1/2""X1/8""X910MMX6.1M"
700067,"1 1/2""X3/16""X910MMX6100MM"
700068,"REJ.  2""X3/16""X910MMX6.1M"
700069,"2 1/4""X3/16""X910MMX6100MM"
700070,"2 1/2""X3/16""X910MMX6100MM"
700071,"2 3/4""X3/16""X910MMX6100MM"
700162,"1"" X 3/16"" X 910MMX3050MM"
800108,L. ALUM LAM 0.8X1.22X2.4m
800110,L. ALUM LAM 1.0X1.22X2.4m
800170,L.ALUM ESTR 1.0X1.22X2.4m
800207,L. ALUM OND 0.7X1.15X3.0m
800257,L. ALUM OND 0.7X1.15X6.0m
800307,L.ALM NORAL 0.7X0.90X3.0m
800308,L.ALM NORAL 0.7X0.90X3.5m
900101,"CAB.COV.316.G40 1/2""ROLLO"
900103,"CAB.COV.316.G40   3/8""X6m"
900105,"CAB.COV.316.G40  3/8""X12m"
900106,"CAB.COV.316.G40  1/2""X 6m"
900107,"CAB.COV.316.G40  1/2""X 9m"
900108,"CAB.COV.316.G40  1/2""X12m"
900109,"CAB.COV.316.G40  5/8""X 6M"
900111,"CAB.COV.316.G40  5/8""X12M"
901101,"CAB.COV.316.G60 1/2""ROLLO"
901103,"CAB.COV.316.G60  3/8""X 6m"
901104,"CAB.COV.316.G60  3/8""X 9M"
901105,"CAB.COV.316.G60  3/8""X12m"
901106,"CAB.COV.316.G60  1/2""X 6m"
901107,"CAB.COV.316.G60  1/2""X 9M"
901108,"CAB.COV.316.G60  1/2""X12m"
901109,"CAB.COV.316.G60  5/8""X 6M"
901110,"CAB.COV.316.G60  5/8""X 9M"
901111,"CAB.COV.316.G60  5/8""X12m"
901112,"CAB.COV.316.G60  3/4""X 6M"
901113,"CAB.COV.316.G60  3/4""X 9m"
901114,"CAB.COV.316.G60  3/4""X12m"
901115,"CAB.COV.316.G60  7/8""X 6M"
901116,"CAB.COV.316.G60  7/8""X 9m"
901117,"CAB.COV.316.G60  7/8""X12m"
901118,"CAB.COV.316.G60    1""X 6M"
901119,"CAB.COV.316.G60    1""X 9m"
901120,"CAB.COV.316.G60    1""X12m"
901121,CAB.COV.316.G60 1 3/8X12m
901122,CAB.COV316G60 N.11 13/8X9
901123,"CABILLA W60 3/8"" X 6  MTS"
901124,"ACERO REFZOW60CSN3/8""X12m"
901127,"ACERO REFZOW60CSN1/2""x12m"
901128,"ACERO REFZOW60CSN5/8""x12m"
901129,"ACERO REFZOW60CSN3/4""x12m"
901130,"ACERO REFZOW60CSN7/8""x12m"
901131,"ACERO REFZOW60CSN1"" x 12m"
901132,"ACERO RFZW60CSN1 3/8""x12m"
901134,ACERO REFZO CSN  10mmx12m
901135,ACERO REFZO CSN  12mmx12m
901136,ACERO REFZO CSN  16mmx12m
901137,ACERO REFZO CSN  20mmx12m
901138,ACERO REFZO CSN  22mmX12m
901139,ACERO REFZO CSN  25mmx12m
901140,"ACERO REFZOW70CSN3/8""x12m"
901141,"ACERO REFZOW70CSN1/2""x12m"
901142,"ACERO REFZOW70CSN5/8""x12m"
901143,"ACERO REFZOW70CSN3/4""x12m"
901144,"ACERO REFZOW70CSN7/8""x12m"
901145,"ACERO REFZOW70CSN1""x 12 m"
901146,"ACERO RFZW70CSN1 3/8""x12m"
901148,ACERO REFZO CSN   10mmx6m
901149,ACERO REFZO CSN   12mmx6m
901150,ACERO REFZ SIDOR 36mmx12m
901151,ACERO REFZO CSN 10mmx12mI
901153,ACERO REFZO CSN 16mmx12mI
901155,CAB.COV.316.G60N3X12mINST
901158,CAB.COV.316.G60N4X12mINST
901161,CAB.COV.316.G60N5X12mINST
901164,CAB.COV.316.G60N6x12mINST
901167,CAB.COV.316.G60N7X12mINST
901170,CAB.COV.316.G60N8X12mINST
901171,CAB.COV.316.G60N11X12mINS
901172,ACERO REFZ SIDOR 10mmx12m
901173,ACERO REFZ SIDOR 12mmx12m
901174,ACERO REFZ SIDOR 16mmx12m
901175,ACERO REFZ SIDOR 20mmx12m
901176,ACERO REFZ SIDOR 22mmx12m
901177,ACERO REFZ SIDOR 25mmx12m
901181,ACE REFZ SIDORW70 3/4x12m
901183,ACE REFZ SIDOR W70  1x12m
